province,district,subdistrict,latitude,longitude
กรุงเทพมหานคร,พระนคร,พระบรมมหาราชวัง,13.751,100.492
กรุงเทพมหานคร,ดุสิต,ดุสิต,13.772,100.513
กรุงเทพมหานคร,หนองจอก,หนองจอก,13.869,100.885
กรุงเทพมหานคร,บางรัก,บางรัก,13.727,100.527
กรุงเทพมหานคร,บางเขน,อนุสาวรีย์,13.868,100.606
กรุงเทพมหานคร,บางกะปิ,คลองจั่น,13.786,100.635
กรุงเทพมหานคร,ปทุมวัน,ปทุมวัน,13.740,100.535
กรุงเทพมหานคร,ป้อมปราบศัตรูพ่าย,ป้อมปราบ,13.743,100.514
กรุงเทพมหานคร,พระโขนง,บางจาก,13.692,100.626
กรุงเทพมหานคร,มีนบุรี,มีนบุรี,13.804,100.723
กรุงเทพมหานคร,ลาดกระบัง,ลาดกระบัง,13.723,100.771
กรุงเทพมหานคร,ยานนาวา,ช่องนนทรี,13.682,100.533
กรุงเทพมหานคร,สัมพันธวงศ์,สัมพันธวงศ์,13.739,100.511
กรุงเทพมหานคร,พญาไท,สามเสนใน,13.782,100.545
กรุงเทพมหานคร,ธนบุรี,วัดกัลยาณ์,13.737,100.493
กรุงเทพมหานคร,บางกอกใหญ่,วัดอรุณ,13.743,100.486
กรุงเทพมหานคร,ห้วยขวาง,ห้วยขวาง,13.769,100.577
กรุงเทพมหานคร,คลองสาน,คลองสาน,13.735,100.504
กรุงเทพมหานคร,ตลิ่งชัน,ตลิ่งชัน,13.789,100.459
กรุงเทพมหานคร,บางกอกน้อย,ศิริราช,13.759,100.481
กรุงเทพมหานคร,บางขุนเทียน,ท่าข้าม,13.555,100.434
กรุงเทพมหานคร,ภาษีเจริญ,บางหว้า,13.714,100.443
กรุงเทพมหานคร,หนองแขม,หนองแขม,13.680,100.358
กรุงเทพมหานคร,ราษฎร์บูรณะ,ราษฎร์บูรณะ,13.670,100.510
กรุงเทพมหานคร,บางพลัด,บางพลัด,13.791,100.487
กรุงเทพมหานคร,ดินแดง,ดินแดง,13.778,100.567
กรุงเทพมหานคร,บึงกุ่ม,คลองกุ่ม,13.808,100.650
กรุงเทพมหานคร,สาทร,ทุ่งวัดดอน,13.710,100.532
กรุงเทพมหานคร,บางซื่อ,บางซื่อ,13.820,100.529
กรุงเทพมหานคร,จตุจักร,จตุจักร,null,null
กรุงเทพมหานคร,บางคอแหลม,บางคอแหลม,13.696,100.494
กรุงเทพมหานคร,ประเวศ,ประเวศ,13.719,100.664
กรุงเทพมหานคร,คลองเตย,คลองเตย,13.710,100.570
กรุงเทพมหานคร,สวนหลวง,สวนหลวง,13.726,100.628
กรุงเทพมหานคร,จอมทอง,จอมทอง,13.693,100.468
กรุงเทพมหานคร,ดอนเมือง,ดอนเมือง,null,null
กรุงเทพมหานคร,ราชเทวี,ทุ่งพญาไท,13.763,100.530
กรุงเทพมหานคร,ลาดพร้าว,ลาดพร้าว,13.811,100.612
กรุงเทพมหานคร,วัฒนา,คลองเตยเหนือ,13.743,100.560
กรุงเทพมหานคร,บางแค,บางแค,13.698,100.409
กรุงเทพมหานคร,หลักสี่,ทุ่งสองห้อง,13.883,100.564
กรุงเทพมหานคร,สายไหม,สายไหม,13.921,100.654
กรุงเทพมหานคร,คันนายาว,คันนายาว,13.821,100.677
กรุงเทพมหานคร,สะพานสูง,สะพานสูง,13.761,100.688
กรุงเทพมหานคร,วังทองหลาง,วังทองหลาง,13.779,100.609
กรุงเทพมหานคร,คลองสามวา,สามวาตะวันตก,13.889,100.708
กรุงเทพมหานคร,บางนา,บางนา,13.672,100.616
กรุงเทพมหานคร,ทวีวัฒนา,ทวีวัฒนา,13.758,100.348
กรุงเทพมหานคร,ทุ่งครุ,ทุ่งครุ,13.614,100.497
กรุงเทพมหานคร,บางบอน,บางบอน,13.646,100.370
สมุทรปราการ,เมืองสมุทรปราการ,ปากน้ำ,null,null
สมุทรปราการ,บางบ่อ,บางบ่อ,13.611,100.862
สมุทรปราการ,บางพลี,บางพลีใหญ่,13.618,100.694
สมุทรปราการ,พระประแดง,ตลาด,13.671,100.520
สมุทรปราการ,พระสมุทรเจดีย์,นาเกลือ,13.530,100.494
สมุทรปราการ,บางเสาธง,บางเสาธง,13.600,100.815
นนทบุรี,เมืองนนทบุรี,สวนใหญ่,13.842,100.494
นนทบุรี,บางกรวย,บางกรวย,13.809,100.499
นนทบุรี,บางใหญ่,บางใหญ่,13.837,100.375
นนทบุรี,บางบัวทอง,บางบัวทอง,13.944,100.390
นนทบุรี,ไทรน้อย,ไทรน้อย,13.976,100.344
นนทบุรี,ปากเกร็ด,ปากเกร็ด,13.912,100.506
ปทุมธานี,เมืองปทุมธานี,บางปรอก,14.012,100.528
ปทุมธานี,คลองหลวง,คลองหนึ่ง,14.066,100.607
ปทุมธานี,ธัญบุรี,ประชาธิปัตย์,13.987,100.632
ปทุมธานี,หนองเสือ,บึงบา,14.112,100.824
ปทุมธานี,ลาดหลุมแก้ว,ลาดหลุมแก้ว,14.006,100.410
ปทุมธานี,ลำลูกกา,ลำลูกกา,13.972,100.774
ปทุมธานี,สามโคก,สามโคก,14.052,100.529
พระนครศรีอยุธยา,พระนครศรีอยุธยา,ประตูชัย,14.349,100.551
พระนครศรีอยุธยา,ท่าเรือ,ท่าเรือ,14.566,100.719
พระนครศรีอยุธยา,นครหลวง,นครหลวง,14.469,100.622
พระนครศรีอยุธยา,บางไทร,บางไทร,14.191,100.480
พระนครศรีอยุธยา,บางบาล,บางบาล,14.410,100.464
พระนครศรีอยุธยา,บางปะอิน,บ้านเลน,14.241,100.598
พระนครศรีอยุธยา,บางปะหัน,บางปะหัน,14.458,100.558
พระนครศรีอยุธยา,ผักไห่,ผักไห่,14.462,100.379
พระนครศรีอยุธยา,ภาชี,ภาชี,14.442,100.725
พระนครศรีอยุธยา,ลาดบัวหลวง,ลาดบัวหลวง,14.193,100.319
พระนครศรีอยุธยา,วังน้อย,วังน้อย,14.201,100.699
พระนครศรีอยุธยา,เสนา,เสนา,14.328,100.404
พระนครศรีอยุธยา,บางซ้าย,บางซ้าย,14.314,100.286
พระนครศรีอยุธยา,อุทัย,อุทัย,14.373,100.655
พระนครศรีอยุธยา,มหาราช,มหาราช,14.552,100.528
พระนครศรีอยุธยา,บ้านแพรก,บ้านแพรก,14.640,100.585
อ่างทอง,เมืองอ่างทอง,ตลาดหลวง,14.592,100.453
อ่างทอง,ไชโย,ไชโย,14.707,100.436
อ่างทอง,ป่าโมก,ป่าโมก,14.501,100.437
อ่างทอง,โพธิ์ทอง,อ่างแก้ว,14.666,100.393
อ่างทอง,แสวงหา,แสวงหา,14.763,100.310
อ่างทอง,วิเศษชัยชาญ,ไผ่จำศิล,null,null
อ่างทอง,สามโก้,สามโก้,14.606,100.252
ลพบุรี,เมืองลพบุรี,ทะเลชุบศร,14.804,100.634
ลพบุรี,พัฒนานิคม,พัฒนานิคม,14.896,100.966
ลพบุรี,โคกสำโรง,โคกสำโรง,15.071,100.713
ลพบุรี,ชัยบาดาล,ชัยบาดาล,15.095,101.058
ลพบุรี,ท่าวุ้ง,ท่าวุ้ง,14.820,100.496
ลพบุรี,บ้านหมี่,บ้านหมี่,null,null
ลพบุรี,ท่าหลวง,ท่าหลวง,15.071,101.117
ลพบุรี,สระโบสถ์,สระโบสถ์,15.224,100.846
ลพบุรี,โคกเจริญ,โคกเจริญ,15.408,100.777
ลพบุรี,ลำสนธิ,ลำสนธิ,15.341,101.362
ลพบุรี,หนองม่วง,หนองม่วง,15.230,100.664
สิงห์บุรี,เมืองสิงห์บุรี,บางพุทรา,14.890,100.404
สิงห์บุรี,บางระจัน,สิงห์,14.890,100.338
สิงห์บุรี,ค่ายบางระจัน,โพทะเล,14.829,100.257
สิงห์บุรี,พรหมบุรี,พรหมบุรี,14.837,100.451
สิงห์บุรี,ท่าช้าง,ถอนสมอ,14.765,100.384
สิงห์บุรี,อินทร์บุรี,อินทร์บุรี,15.009,100.329
ชัยนาท,เมืองชัยนาท,ในเมือง,15.181,100.127
ชัยนาท,มโนรมย์,คุ้งสำเภา,15.291,100.091
ชัยนาท,วัดสิงห์,วัดสิงห์,15.263,100.041
ชัยนาท,สรรพยา,สรรพยา,15.128,100.233
ชัยนาท,สรรคบุรี,แพรกศรีราชา,15.062,100.107
ชัยนาท,หันคา,หันคา,15.016,99.998
ชัยนาท,หนองมะโมง,หนองมะโมง,15.216,99.772
ชัยนาท,เนินขาม,เนินขาม,14.957,99.901
สระบุรี,เมืองสระบุรี,ปากเพรียว,14.527,100.915
สระบุรี,แก่งคอย,แก่งคอย,14.586,101.002
สระบุรี,หนองแค,หนองแค,14.337,100.869
สระบุรี,วิหารแดง,วิหารแดง,14.313,100.990
สระบุรี,หนองแซง,หนองแซง,14.510,100.759
สระบุรี,บ้านหมอ,บ้านหมอ,14.616,100.724
สระบุรี,ดอนพุด,ดอนพุด,14.596,100.621
สระบุรี,หนองโดน,หนองโดน,14.688,100.693
สระบุรี,พระพุทธบาท,พระพุทธบาท,14.732,100.782
สระบุรี,เสาไห้,เสาไห้,14.538,100.850
สระบุรี,มวกเหล็ก,มวกเหล็ก,14.705,101.151
สระบุรี,วังม่วง,วังม่วง,14.861,101.151
สระบุรี,เฉลิมพระเกียรติ,เขาดินพัฒนา,14.612,100.906
ชลบุรี,เมืองชลบุรี,บางปลาสร้อย,13.364,100.987
ชลบุรี,บ้านบึง,บ้านบึง,13.297,101.107
ชลบุรี,หนองใหญ่,หนองใหญ่,13.153,101.375
ชลบุรี,บางละมุง,บางละมุง,13.052,100.922
ชลบุรี,พานทอง,พานทอง,13.461,101.084
ชลบุรี,พนัสนิคม,พนัสนิคม,13.450,101.180
ชลบุรี,ศรีราชา,ศรีราชา,13.174,100.920
ชลบุรี,เกาะสีชัง,ท่าเทววงษ์,13.151,100.809
ชลบุรี,สัตหีบ,สัตหีบ,12.611,100.889
ชลบุรี,บ่อทอง,บ่อทอง,13.193,101.504
ชลบุรี,เกาะจันทร์,เกาะจันทร์,13.403,101.421
ระยอง,เมืองระยอง,ท่าประดู่,12.672,101.266
ระยอง,บ้านฉาง,บ้านฉาง,12.732,101.076
ระยอง,แกลง,ทางเกวียน,12.807,101.625
ระยอง,วังจันทร์,วังจันทร์,12.858,101.528
ระยอง,บ้านค่าย,บ้านค่าย,12.775,101.304
ระยอง,ปลวกแดง,ปลวกแดง,12.978,101.226
ระยอง,เขาชะเมา,น้ำเป็น,12.901,101.749
ระยอง,นิคมพัฒนา,นิคมพัฒนา,12.856,101.177
จันทบุรี,เมืองจันทบุรี,ตลาด,12.591,102.087
จันทบุรี,ขลุง,ขลุง,12.452,102.218
จันทบุรี,ท่าใหม่,ท่าใหม่,12.628,101.985
จันทบุรี,โป่งน้ำร้อน,โป่งน้ำร้อน,12.890,102.382
จันทบุรี,มะขาม,มะขาม,12.677,102.187
จันทบุรี,แหลมสิงห์,ปากน้ำแหลมสิงห์,12.452,102.122
จันทบุรี,สอยดาว,ปะตง,13.170,102.194
จันทบุรี,แก่งหางแมว,แก่งหางแมว,12.982,101.929
จันทบุรี,นายายอาม,นายายอาม,12.782,101.847
จันทบุรี,เขาคิชฌกูฏ,ชากไทย,null,null
ตราด,เมืองตราด,บางพระ,null,null
ตราด,คลองใหญ่,คลองใหญ่,11.774,102.889
ตราด,เขาสมิง,เขาสมิง,12.340,102.437
ตราด,บ่อไร่,บ่อพลอย,12.604,102.559
ตราด,แหลมงอบ,แหลมงอบ,12.186,102.419
ตราด,เกาะกูด,เกาะกูด,11.719,102.519
ตราด,เกาะช้าง,เกาะช้าง,12.161,102.247
ฉะเชิงเทรา,เมืองฉะเชิงเทรา,หน้าเมือง,13.686,101.066
ฉะเชิงเทรา,บางคล้า,บางคล้า,13.722,101.210
ฉะเชิงเทรา,บางน้ำเปรี้ยว,บางน้ำเปรี้ยว,13.829,101.002
ฉะเชิงเทรา,บางปะกง,บางปะกง,13.496,100.966
ฉะเชิงเทรา,บ้านโพธิ์,บ้านโพธิ์,13.588,101.086
ฉะเชิงเทรา,พนมสารคาม,พนมสารคาม,13.771,101.324
ฉะเชิงเทรา,ราชสาส์น,บางคา,13.788,101.278
ฉะเชิงเทรา,สนามชัยเขต,คู้ยายหมี,13.644,101.461
ฉะเชิงเทรา,แปลงยาว,แปลงยาว,13.599,101.293
ฉะเชิงเทรา,ท่าตะเกียบ,ท่าตะเกียบ,13.508,101.639
ฉะเชิงเทรา,คลองเขื่อน,คลองเขื่อน,13.772,101.185
ปราจีนบุรี,เมืองปราจีนบุรี,หน้าเมือง,14.057,101.374
ปราจีนบุรี,กบินทร์บุรี,กบินทร์,13.939,101.711
ปราจีนบุรี,นาดี,นาดี,14.189,101.792
ปราจีนบุรี,บ้านสร้าง,บ้านสร้าง,14.026,101.210
ปราจีนบุรี,ประจันตคาม,ประจันตคาม,14.055,101.497
ปราจีนบุรี,ศรีมหาโพธิ,ศรีมหาโพธิ,13.849,101.567
ปราจีนบุรี,ศรีมโหสถ,โคกปีบ,13.880,101.412
นครนายก,เมืองนครนายก,นครนายก,14.204,101.219
นครนายก,ปากพลี,ปากพลี,14.132,101.263
นครนายก,บ้านนา,บ้านนา,14.262,101.059
นครนายก,องครักษ์,องครักษ์,14.107,101.005
สระแก้ว,เมืองสระแก้ว,สระแก้ว,13.803,102.077
สระแก้ว,คลองหาด,คลองหาด,13.429,102.329
สระแก้ว,ตาพระยา,ตาพระยา,13.956,102.764
สระแก้ว,วังน้ำเย็น,วังน้ำเย็น,13.517,102.166
สระแก้ว,วัฒนานคร,วัฒนานคร,13.741,102.325
สระแก้ว,อรัญประเทศ,อรัญประเทศ,13.680,102.517
สระแก้ว,เขาฉกรรจ์,เขาฉกรรจ์,13.663,102.098
สระแก้ว,โคกสูง,โคกสูง,13.831,102.719
สระแก้ว,วังสมบูรณ์,วังสมบูรณ์,13.344,102.207
นครราชสีมา,เมืองนครราชสีมา,ในเมือง,null,null
นครราชสีมา,ครบุรี,ครบุรี,14.599,102.130
นครราชสีมา,เสิงสาง,เสิงสาง,14.426,102.429
นครราชสีมา,คง,เมืองคง,15.451,102.334
นครราชสีมา,บ้านเหลื่อม,บ้านเหลื่อม,15.625,102.136
นครราชสีมา,จักราช,จักราช,15.027,102.432
นครราชสีมา,โชคชัย,โชคชัย,14.763,102.172
นครราชสีมา,ด่านขุนทด,ด่านขุนทด,15.214,101.788
นครราชสีมา,โนนไทย,โนนไทย,15.213,102.061
นครราชสีมา,โนนสูง,โนนสูง,15.179,102.256
นครราชสีมา,ขามสะแกแสง,ขามสะแกแสง,15.360,102.195
นครราชสีมา,บัวใหญ่,บัวใหญ่,15.602,102.438
นครราชสีมา,ประทาย,ประทาย,15.536,102.724
นครราชสีมา,ปักธงชัย,เมืองปัก,14.719,102.055
นครราชสีมา,พิมาย,ในเมือง,15.206,102.489
นครราชสีมา,ห้วยแถลง,ห้วยแถลง,14.967,102.652
นครราชสีมา,ชุมพวง,ชุมพวง,15.344,102.750
นครราชสีมา,สูงเนิน,สูงเนิน,14.861,101.842
นครราชสีมา,ขามทะเลสอ,ขามทะเลสอ,14.974,101.959
นครราชสีมา,สีคิ้ว,สีคิ้ว,14.905,101.687
นครราชสีมา,ปากช่อง,ปากช่อง,14.722,101.363
นครราชสีมา,หนองบุญมาก,หนองบุนนาก,14.609,102.400
นครราชสีมา,แก้งสนามนาง,แก้งสนามนาง,15.727,102.277
นครราชสีมา,โนนแดง,โนนแดง,null,null
นครราชสีมา,วังน้ำเขียว,วังน้ำเขียว,14.399,101.817
นครราชสีมา,เทพารักษ์,สำนักตะคร้อ,15.297,101.564
นครราชสีมา,เมืองยาง,เมืองยาง,15.418,102.886
นครราชสีมา,พระทองคำ,สระพระ,15.311,101.959
นครราชสีมา,ลำทะเมนชัย,ขุย,15.353,102.866
นครราชสีมา,บัวลาย,บัวลาย,15.661,102.468
นครราชสีมา,สีดา,สีดา,15.564,102.588
นครราชสีมา,เฉลิมพระเกียรติ,ช้างทอง,15.029,102.310
บุรีรัมย์,เมืองบุรีรัมย์,ในเมือง,14.999,103.104
บุรีรัมย์,คูเมือง,คูเมือง,15.240,103.000
บุรีรัมย์,กระสัง,กระสัง,14.922,103.296
บุรีรัมย์,นางรอง,นางรอง,14.673,102.806
บุรีรัมย์,หนองกี่,หนองกี่,14.669,102.571
บุรีรัมย์,ละหานทราย,ละหานทราย,14.418,102.854
บุรีรัมย์,ประโคนชัย,ประโคนชัย,14.613,103.081
บุรีรัมย์,บ้านกรวด,บ้านกรวด,14.429,103.077
บุรีรัมย์,พุทไธสง,พุทไธสง,15.582,103.014
บุรีรัมย์,ลำปลายมาศ,ลำปลายมาศ,15.019,102.834
บุรีรัมย์,สตึก,สตึก,15.263,103.301
บุรีรัมย์,ปะคำ,ปะคำ,14.454,102.721
บุรีรัมย์,นาโพธิ์,นาโพธิ์,15.635,102.944
บุรีรัมย์,หนองหงส์,สระแก้ว,14.828,102.681
บุรีรัมย์,พลับพลาชัย,จันดุม,14.678,103.118
บุรีรัมย์,ห้วยราช,ห้วยราช,14.982,103.203
บุรีรัมย์,โนนสุวรรณ,โนนสุวรรณ,14.538,102.604
บุรีรัมย์,ชำนิ,ชำนิ,14.785,102.810
บุรีรัมย์,บ้านใหม่ไชยพจน์,หนองแวง,15.553,102.907
บุรีรัมย์,โนนดินแดง,โนนดินแดง,14.316,102.721
บุรีรัมย์,บ้านด่าน,บ้านด่าน,15.112,103.162
บุรีรัมย์,แคนดง,แคนดง,15.317,103.123
บุรีรัมย์,เฉลิมพระเกียรติ,เจริญสุข,14.574,102.865
สุรินทร์,เมืองสุรินทร์,ในเมือง,14.884,103.490
สุรินทร์,ชุมพลบุรี,ชุมพลบุรี,15.377,103.411
สุรินทร์,ท่าตูม,ท่าตูม,15.295,103.639
สุรินทร์,จอมพระ,จอมพระ,15.107,103.599
สุรินทร์,ปราสาท,กังแอน,14.656,103.406
สุรินทร์,กาบเชิง,กาบเชิง,14.488,103.585
สุรินทร์,รัตนบุรี,รัตนบุรี,15.311,103.843
สุรินทร์,สนม,สนม,15.203,103.761
สุรินทร์,ศีขรภูมิ,ระแงง,14.898,103.824
สุรินทร์,สังขะ,สังขะ,14.663,103.839
สุรินทร์,ลำดวน,ลำดวน,14.702,103.642
สุรินทร์,สำโรงทาบ,สำโรงทาบ,14.989,103.926
สุรินทร์,บัวเชด,บัวเชด,14.527,103.942
สุรินทร์,พนมดงรัก,บักได,14.416,103.350
สุรินทร์,ศรีณรงค์,ณรงค์,14.754,103.882
สุรินทร์,เขวาสินรินทร์,เขวาสินรินทร์,15.009,103.582
สุรินทร์,โนนนารายณ์,หนองหลวง,15.228,103.927
ศรีสะเกษ,เมืองศรีสะเกษ,เมืองเหนือ,15.103,104.336
ศรีสะเกษ,ยางชุมน้อย,ยางชุมน้อย,15.260,104.401
ศรีสะเกษ,กันทรารมย์,ดูน,15.113,104.578
ศรีสะเกษ,กันทรลักษ์,บึงมะลู,14.535,104.714
ศรีสะเกษ,ขุขันธ์,กันทรารมย์,14.717,104.070
ศรีสะเกษ,ไพรบึง,ไพรบึง,14.744,104.373
ศรีสะเกษ,ปรางค์กู่,พิมาย,14.835,104.032
ศรีสะเกษ,ขุนหาญ,ขุนหาญ,14.635,104.371
ศรีสะเกษ,ราษีไศล,เมืองคง,15.356,104.159
ศรีสะเกษ,อุทุมพรพิสัย,กำแพง,15.100,104.150
ศรีสะเกษ,บึงบูรพ์,บึงบูรพ์,15.328,104.067
ศรีสะเกษ,ห้วยทับทัน,ห้วยทับทัน,15.065,104.044
ศรีสะเกษ,โนนคูณ,โนนค้อ,14.899,104.710
ศรีสะเกษ,ศรีรัตนะ,ศรีแก้ว,14.766,104.476
ศรีสะเกษ,น้ำเกลี้ยง,น้ำเกลี้ยง,14.917,104.550
ศรีสะเกษ,วังหิน,วังหิน,14.920,104.240
ศรีสะเกษ,ภูสิงห์,โคกตาล,14.549,104.203
ศรีสะเกษ,เมืองจันทร์,เมืองจันทร์,15.155,104.011
ศรีสะเกษ,เบญจลักษ์,เสียว,14.799,104.668
ศรีสะเกษ,พยุห์,พยุห์,14.935,104.387
ศรีสะเกษ,โพธิ์ศรีสุวรรณ,โดด,15.204,104.078
ศรีสะเกษ,ศิลาลาด,กุง,15.474,104.084
อุบลราชธานี,เมืองอุบลราชธานี,ในเมือง,15.232,104.859
อุบลราชธานี,ศรีเมืองใหม่,นาคำ,15.507,105.327
อุบลราชธานี,โขงเจียม,โขงเจียม,15.296,105.452
อุบลราชธานี,เขื่องใน,เขื่องใน,15.371,104.556
อุบลราชธานี,เขมราฐ,เขมราฐ,16.049,105.136
อุบลราชธานี,เดชอุดม,เมืองเดช,14.920,105.055
อุบลราชธานี,นาจะหลวย,นาจะหลวย,14.487,105.261
อุบลราชธานี,น้ำยืน,โซง,14.460,104.947
อุบลราชธานี,บุณฑริก,โพนงาม,14.759,105.464
อุบลราชธานี,ตระการพืชผล,ขุหลุ,15.601,105.021
อุบลราชธานี,กุดข้าวปุ้น,ข้าวปุ้น,15.792,105.006
อุบลราชธานี,ม่วงสามสิบ,ม่วงสามสิบ,15.515,104.730
อุบลราชธานี,วารินชำราบ,วารินชำราบ,15.200,104.853
อุบลราชธานี,พิบูลมังสาหาร,พิบูล,15.248,105.226
อุบลราชธานี,ตาลสุม,ตาลสุม,15.326,105.156
อุบลราชธานี,โพธิ์ไทร,โพธิ์ไทร,15.816,105.261
อุบลราชธานี,สำโรง,สำโรง,15.010,104.793
อุบลราชธานี,ดอนมดแดง,ดอนมดแดง,15.315,105.065
อุบลราชธานี,สิรินธร,คันไร่,15.225,105.330
อุบลราชธานี,ทุ่งศรีอุดม,หนองอ้ม,14.804,104.922
อุบลราชธานี,นาเยีย,นาเยีย,15.006,105.143
อุบลราชธานี,นาตาล,นาตาล,15.893,105.310
อุบลราชธานี,เหล่าเสือโก้ก,เหล่าเสือโก้ก,15.432,104.918
อุบลราชธานี,สว่างวีระวงศ์,แก่งโดม,15.204,105.087
อุบลราชธานี,น้ำขุ่น,ตาเกา,14.568,104.919
ยโสธร,เมืองยโสธร,ในเมือง,15.799,104.148
ยโสธร,ทรายมูล,ทรายมูล,15.956,104.224
ยโสธร,กุดชุม,กุดชุม,16.069,104.349
ยโสธร,คำเขื่อนแก้ว,ลุมพุก,15.643,104.323
ยโสธร,ป่าติ้ว,โพธิ์ไทร,15.832,104.398
ยโสธร,มหาชนะชัย,ฟ้าหยาด,15.514,104.256
ยโสธร,ค้อวัง,ค้อวัง,15.363,104.310
ยโสธร,เลิงนกทา,บุ่งค้า,16.176,104.669
ยโสธร,ไทยเจริญ,ไทยเจริญ,16.060,104.432
ชัยภูมิ,เมืองชัยภูมิ,ในเมือง,15.804,102.037
ชัยภูมิ,บ้านเขว้า,บ้านเขว้า,15.753,101.911
ชัยภูมิ,คอนสวรรค์,คอนสวรรค์,15.930,102.327
ชัยภูมิ,เกษตรสมบูรณ์,บ้านยาง,16.286,101.869
ชัยภูมิ,หนองบัวแดง,หนองบัวแดง,16.351,101.721
ชัยภูมิ,จัตุรัส,บ้านกอก,15.467,101.902
ชัยภูมิ,บำเหน็จณรงค์,บ้านชวน,15.518,101.653
ชัยภูมิ,หนองบัวระเหว,หนองบัวระเหว,15.757,101.786
ชัยภูมิ,เทพสถิต,วะตะแบก,15.426,101.436
ชัยภูมิ,ภูเขียว,ผักปัง,16.357,102.136
ชัยภูมิ,บ้านแท่น,บ้านแท่น,16.405,102.349
ชัยภูมิ,แก้งคร้อ,ช่องสามหมอ,16.107,102.236
ชัยภูมิ,คอนสาร,คอนสาร,16.610,101.921
ชัยภูมิ,ภักดีชุมพล,บ้านเจียง,16.131,101.375
ชัยภูมิ,เนินสง่า,หนองฉิม,15.559,101.968
ชัยภูมิ,ซับใหญ่,ซับใหญ่,15.602,101.573
อำนาจเจริญ,เมืองอำนาจเจริญ,บุ่ง,15.872,104.635
อำนาจเจริญ,ชานุมาน,ชานุมาน,16.232,104.944
อำนาจเจริญ,ปทุมราชวงศา,หนองข่า,15.973,104.892
อำนาจเจริญ,พนา,พนา,15.678,104.882
อำนาจเจริญ,เสนางคนิคม,เสนางคนิคม,16.056,104.685
อำนาจเจริญ,หัวตะพาน,หัวตะพาน,15.718,104.457
อำนาจเจริญ,ลืออำนาจ,อำนาจ,15.710,104.668
บึงกาฬ,เมืองบึงกาฬ,บึงกาฬ,null,null
บึงกาฬ,พรเจริญ,พรเจริญ,18.031,103.711
บึงกาฬ,โซ่พิสัย,โซ่,18.039,103.391
บึงกาฬ,เซกา,เซกา,17.964,103.945
บึงกาฬ,ปากคาด,ปากคาด,18.343,103.316
บึงกาฬ,บึงโขงหลง,บึงโขงหลง,18.002,104.045
บึงกาฬ,ศรีวิไล,ศรีวิไล,18.225,103.732
บึงกาฬ,บุ่งคล้า,บุ่งคล้า,18.252,103.962
หนองบัวลำภู,เมืองหนองบัวลำภู,หนองบัว,17.168,102.444
หนองบัวลำภู,นากลาง,นากลาง,17.312,102.214
หนองบัวลำภู,โนนสัง,โนนสัง,16.872,102.560
หนองบัวลำภู,ศรีบุญเรือง,ศรีบุญเรือง,16.922,102.302
หนองบัวลำภู,สุวรรณคูหา,สุวรรณคูหา,17.551,102.277
หนองบัวลำภู,นาวัง,นาเหล่า,17.294,102.073
ขอนแก่น,เมืองขอนแก่น,ในเมือง,16.438,102.837
ขอนแก่น,บ้านฝาง,บ้านฝาง,16.443,102.654
ขอนแก่น,พระยืน,พระยืน,16.323,102.612
ขอนแก่น,หนองเรือ,หนองเรือ,16.501,102.464
ขอนแก่น,ชุมแพ,ชุมแพ,16.526,102.074
ขอนแก่น,สีชมพู,สีชมพู,16.841,102.156
ขอนแก่น,น้ำพอง,น้ำพอง,16.760,102.825
ขอนแก่น,อุบลรัตน์,โคกสูง,16.679,102.676
ขอนแก่น,กระนวน,หนองโก,16.727,103.110
ขอนแก่น,บ้านไผ่,บ้านไผ่,16.063,102.728
ขอนแก่น,เปือยน้อย,เปือยน้อย,15.879,102.904
ขอนแก่น,พล,เมืองพล,15.793,102.640
ขอนแก่น,แวงใหญ่,แวงใหญ่,15.954,102.533
ขอนแก่น,แวงน้อย,แวงน้อย,15.813,102.423
ขอนแก่น,หนองสองห้อง,หนองสองห้อง,15.707,102.771
ขอนแก่น,ภูเวียง,ภูเวียง,16.679,102.364
ขอนแก่น,มัญจาคีรี,กุดเค้า,16.114,102.492
ขอนแก่น,ชนบท,ชนบท,16.067,102.632
ขอนแก่น,เขาสวนกวาง,เขาสวนกวาง,16.861,102.840
ขอนแก่น,ภูผาม่าน,ภูผาม่าน,16.677,101.910
ขอนแก่น,ซำสูง,กระนวน,16.534,103.069
ขอนแก่น,โคกโพธิ์ไชย,บ้านโคก,16.112,102.378
ขอนแก่น,หนองนาคำ,กุดธาตุ,16.834,102.308
ขอนแก่น,บ้านแฮด,บ้านแฮด,16.211,102.778
ขอนแก่น,โนนศิลา,โนนศิลา,15.940,102.664
ขอนแก่น,เวียงเก่า,ในเมือง,16.742,102.259
อุดรธานี,เมืองอุดรธานี,หมากแข้ง,17.411,102.792
อุดรธานี,กุดจับ,กุดจับ,17.382,102.515
อุดรธานี,หนองวัวซอ,หนองวัวซอ,17.288,102.576
อุดรธานี,กุมภวาปี,กุมภวาปี,17.112,103.009
อุดรธานี,โนนสะอาด,โนนสะอาด,16.977,102.902
อุดรธานี,หนองหาน,หนองหาน,17.381,103.095
อุดรธานี,ทุ่งฝน,ทุ่งฝน,17.478,103.263
อุดรธานี,ไชยวาน,ไชยวาน,17.303,103.205
อุดรธานี,ศรีธาตุ,ศรีธาตุ,16.987,103.211
อุดรธานี,วังสามหมอ,วังสามหมอ,16.941,103.456
อุดรธานี,บ้านดุง,บ้านดุง,17.741,103.250
อุดรธานี,บ้านผือ,บ้านผือ,17.697,102.448
อุดรธานี,น้ำโสม,น้ำโสม,17.715,102.092
อุดรธานี,เพ็ญ,เพ็ญ,17.673,102.936
อุดรธานี,สร้างคอม,สร้างคอม,17.814,103.090
อุดรธานี,หนองแสง,หนองแสง,17.172,102.842
อุดรธานี,นายูง,นายูง,17.916,102.213
อุดรธานี,พิบูลย์รักษ์,บ้านแดง,17.539,103.072
อุดรธานี,กู่แก้ว,บ้านจีต,17.135,103.197
อุดรธานี,ประจักษ์ศิลปาคม,นาม่วง,17.256,102.976
เลย,เมืองเลย,กุดป่อง,17.493,101.732
เลย,นาด้วง,นาด้วง,17.500,102.043
เลย,เชียงคาน,เชียงคาน,17.881,101.665
เลย,ปากชม,ปากชม,17.960,101.902
เลย,ด่านซ้าย,ด่านซ้าย,17.267,101.155
เลย,นาแห้ว,นาแห้ว,17.484,101.066
เลย,ภูเรือ,หนองบัว,17.454,101.371
เลย,ท่าลี่,ท่าลี่,17.573,101.412
เลย,วังสะพุง,วังสะพุง,17.296,101.746
เลย,ภูกระดึง,ภูกระดึง,16.971,101.850
เลย,ภูหลวง,ภูหอ,17.135,101.629
เลย,ผาขาว,ผาขาว,17.019,101.960
เลย,เอราวัณ,เอราวัณ,17.373,101.892
เลย,หนองหิน,หนองหิน,17.112,101.860
หนองคาย,เมืองหนองคาย,ในเมือง,17.890,102.761
หนองคาย,ท่าบ่อ,ท่าบ่อ,17.827,102.568
หนองคาย,โพนพิสัย,จุมพล,18.027,103.146
หนองคาย,ศรีเชียงใหม่,พานพร้าว,17.942,102.594
หนองคาย,สังคม,สังคม,18.091,102.216
หนองคาย,สระใคร,สระใคร,17.703,102.750
หนองคาย,เฝ้าไร่,เฝ้าไร่,17.969,103.270
หนองคาย,รัตนวาปี,รัตนวาปี,18.223,103.183
หนองคาย,โพธิ์ตาก,โพธิ์ตาก,17.846,102.422
มหาสารคาม,เมืองมหาสารคาม,ตลาด,16.175,103.319
มหาสารคาม,แกดำ,แกดำ,16.026,103.401
มหาสารคาม,โกสุมพิสัย,หัวขวาง,16.249,103.065
มหาสารคาม,กันทรวิชัย,โคกพระ,16.337,103.316
มหาสารคาม,เชียงยืน,เชียงยืน,16.431,103.093
มหาสารคาม,บรบือ,บรบือ,16.061,103.143
มหาสารคาม,นาเชือก,นาเชือก,15.773,103.047
มหาสารคาม,พยัคฆภูมิพิสัย,ปะหลาน,15.503,103.163
มหาสารคาม,วาปีปทุม,หนองแสง,15.829,103.360
มหาสารคาม,นาดูน,นาดูน,15.738,103.205
มหาสารคาม,ยางสีสุราช,ยางสีสุราช,15.677,103.093
มหาสารคาม,กุดรัง,กุดรัง,16.072,103.000
มหาสารคาม,ชื่นชม,ชื่นชม,16.551,103.144
ร้อยเอ็ด,เมืองร้อยเอ็ด,ในเมือง,16.051,103.653
ร้อยเอ็ด,เกษตรวิสัย,เกษตรวิสัย,15.662,103.609
ร้อยเอ็ด,ปทุมรัตต์,บัวแดง,15.650,103.359
ร้อยเอ็ด,จตุรพักตรพิมาน,หัวช้าง,15.845,103.569
ร้อยเอ็ด,ธวัชบุรี,ธวัชบุรี,16.116,103.811
ร้อยเอ็ด,พนมไพร,พนมไพร,15.688,104.118
ร้อยเอ็ด,โพนทอง,แวง,16.329,103.984
ร้อยเอ็ด,โพธิ์ชัย,ขามเปี้ย,16.334,103.748
ร้อยเอ็ด,หนองพอก,หนองพอก,16.318,104.159
ร้อยเอ็ด,เสลภูมิ,กลาง,16.024,103.921
ร้อยเอ็ด,สุวรรณภูมิ,สระคู,15.552,103.766
ร้อยเอ็ด,เมืองสรวง,เมืองสรวง,15.817,103.755
ร้อยเอ็ด,โพนทราย,โพนทราย,15.497,104.005
ร้อยเอ็ด,อาจสามารถ,อาจสามารถ,15.864,103.850
ร้อยเอ็ด,เมยวดี,เมยวดี,16.395,104.167
ร้อยเอ็ด,ศรีสมเด็จ,ศรีสมเด็จ,15.980,103.474
ร้อยเอ็ด,จังหาร,จังหาร,16.140,103.594
ร้อยเอ็ด,เชียงขวัญ,เชียงขวัญ,16.191,103.724
ร้อยเอ็ด,หนองฮี,หนองฮี,15.621,104.000
ร้อยเอ็ด,ทุ่งเขาหลวง,ทุ่งเขาหลวง,16.032,103.853
กาฬสินธุ์,เมืองกาฬสินธุ์,กาฬสินธุ์,16.437,103.522
กาฬสินธุ์,นามน,นามน,16.561,103.776
กาฬสินธุ์,กมลาไสย,กมลาไสย,16.310,103.551
กาฬสินธุ์,ร่องคำ,ร่องคำ,16.266,103.737
กาฬสินธุ์,กุฉินารายณ์,บัวขาว,16.521,104.055
กาฬสินธุ์,เขาวง,คุ้มเก่า,16.679,104.132
กาฬสินธุ์,ยางตลาด,ยางตลาด,16.393,103.352
กาฬสินธุ์,ห้วยเม็ก,ห้วยเม็ก,16.596,103.216
กาฬสินธุ์,สหัสขันธ์,สหัสขันธ์,16.728,103.550
กาฬสินธุ์,คำม่วง,ทุ่งคลอง,16.938,103.679
กาฬสินธุ์,ท่าคันโท,ท่าคันโท,16.869,103.237
กาฬสินธุ์,หนองกุงศรี,หนองกุงศรี,16.649,103.274
กาฬสินธุ์,สมเด็จ,สมเด็จ,16.705,103.754
กาฬสินธุ์,ห้วยผึ้ง,คำบง,16.758,103.912
กาฬสินธุ์,สามชัย,สำราญ,16.954,103.522
กาฬสินธุ์,นาคู,นาคู,16.808,104.070
กาฬสินธุ์,ดอนจาน,ดอนจาน,16.425,103.696
กาฬสินธุ์,ฆ้องชัย,ฆ้องชัยพัฒนา,16.257,103.463
สกลนคร,เมืองสกลนคร,ธาตุเชิงชุม,17.163,104.162
สกลนคร,กุสุมาลย์,กุสุมาลย์,17.302,104.386
สกลนคร,กุดบาก,กุดบาก,17.051,103.762
สกลนคร,พรรณานิคม,พรรณา,17.356,103.856
สกลนคร,พังโคน,พังโคน,17.390,103.704
สกลนคร,วาริชภูมิ,วาริชภูมิ,17.232,103.642
สกลนคร,นิคมน้ำอูน,นิคมน้ำอูน,17.142,103.645
สกลนคร,วานรนิวาส,วานรนิวาส,17.645,103.752
สกลนคร,คำตากล้า,คำตากล้า,17.834,103.754
สกลนคร,บ้านม่วง,ม่วง,17.858,103.561
สกลนคร,อากาศอำนวย,อากาศ,17.572,104.013
สกลนคร,สว่างแดนดิน,สว่างแดนดิน,17.448,103.462
สกลนคร,ส่องดาว,ส่องดาว,17.350,103.449
สกลนคร,เต่างอย,เต่างอย,16.944,104.242
สกลนคร,โคกศรีสุพรรณ,ตองโขบ,17.010,104.257
สกลนคร,เจริญศิลป์,เจริญศิลป์,17.568,103.561
สกลนคร,โพนนาแก้ว,บ้านโพน,17.219,104.375
สกลนคร,ภูพาน,สร้างค้อ,16.883,103.918
นครพนม,เมืองนครพนม,ในเมือง,17.409,104.781
นครพนม,ปลาปาก,ปลาปาก,17.197,104.515
นครพนม,ท่าอุเทน,ท่าอุเทน,17.576,104.591
นครพนม,บ้านแพง,บ้านแพง,17.967,104.215
นครพนม,ธาตุพนม,ธาตุพนม,16.939,104.720
นครพนม,เรณูนคร,เรณู,17.081,104.644
นครพนม,นาแก,นาแก,16.897,104.495
นครพนม,ศรีสงคราม,ศรีสงคราม,17.641,104.289
นครพนม,นาหว้า,นาหว้า,17.471,104.060
นครพนม,โพนสวรรค์,โพนสวรรค์,17.444,104.504
นครพนม,นาทม,นาทม,17.845,104.037
นครพนม,วังยาง,วังยาง,17.063,104.442
มุกดาหาร,เมืองมุกดาหาร,มุกดาหาร,16.558,104.646
มุกดาหาร,นิคมคำสร้อย,นิคมคำสร้อย,16.306,104.582
มุกดาหาร,ดอนตาล,ดอนตาล,16.299,104.905
มุกดาหาร,ดงหลวง,ดงหลวง,16.818,104.523
มุกดาหาร,คำชะอี,คำชะอี,16.589,104.279
มุกดาหาร,หว้านใหญ่,หว้านใหญ่,null,null
มุกดาหาร,หนองสูง,หนองสูง,16.459,104.361
เชียงใหม่,เมืองเชียงใหม่,ศรีภูมิ,18.796,98.985
เชียงใหม่,จอมทอง,บ้านหลวง,18.502,98.600
เชียงใหม่,แม่แจ่ม,ช่างเคิ่ง,18.552,98.401
เชียงใหม่,เชียงดาว,เชียงดาว,19.389,98.947
เชียงใหม่,ดอยสะเก็ด,เชิงดอย,18.899,99.170
เชียงใหม่,แม่แตง,แม่แตง,19.155,98.910
เชียงใหม่,แม่ริม,ริมใต้,18.914,98.964
เชียงใหม่,สะเมิง,สะเมิงใต้,18.823,98.714
เชียงใหม่,ฝาง,เวียง,19.944,99.214
เชียงใหม่,แม่อาย,แม่อาย,20.065,99.262
เชียงใหม่,พร้าว,เวียง,19.378,99.203
เชียงใหม่,สันป่าตอง,ยุหว่า,18.620,98.875
เชียงใหม่,สันกำแพง,สันกำแพง,18.756,99.133
เชียงใหม่,สันทราย,สันทรายหลวง,18.857,99.046
เชียงใหม่,หางดง,หางดง,18.692,98.915
เชียงใหม่,ฮอด,ฮอด,18.103,98.583
เชียงใหม่,ดอยเต่า,ดอยเต่า,17.897,98.731
เชียงใหม่,อมก๋อย,อมก๋อย,17.915,98.335
เชียงใหม่,สารภี,สารภี,18.681,99.047
เชียงใหม่,เวียงแหง,เมืองแหง,19.515,98.639
เชียงใหม่,ไชยปราการ,ปงตำ,19.748,99.145
เชียงใหม่,แม่วาง,บ้านกาด,18.637,98.752
เชียงใหม่,แม่ออน,ออนเหนือ,18.793,99.308
เชียงใหม่,ดอยหล่อ,ดอยหล่อ,18.488,98.798
เชียงใหม่,กัลยาณิวัฒนา,บ้านจันทร์,19.110,98.281
ลำพูน,เมืองลำพูน,ในเมือง,18.573,99.002
ลำพูน,แม่ทา,ทาปลาดุก,18.532,99.245
ลำพูน,บ้านโฮ่ง,บ้านโฮ่ง,18.308,98.815
ลำพูน,ลี้,ลี้,17.790,98.986
ลำพูน,ทุ่งหัวช้าง,ทุ่งหัวช้าง,17.983,99.048
ลำพูน,ป่าซาง,ป่าซาง,18.512,98.937
ลำพูน,บ้านธิ,บ้านธิ,18.614,99.190
ลำพูน,เวียงหนองล่อง,หนองล่อง,18.404,98.732
ลำปาง,เมืองลำปาง,เวียงเหนือ,null,null
ลำปาง,แม่เมาะ,แม่เมาะ,18.297,99.668
ลำปาง,เกาะคา,เกาะคา,18.202,99.372
ลำปาง,เสริมงาม,ทุ่งงาม,18.071,99.244
ลำปาง,งาว,หลวงเหนือ,18.752,99.996
ลำปาง,แจ้ห่ม,แจ้ห่ม,18.700,99.616
ลำปาง,วังเหนือ,วังเหนือ,19.160,99.585
ลำปาง,เถิน,ล้อมแรด,17.634,99.212
ลำปาง,แม่พริก,แม่พริก,17.513,99.009
ลำปาง,แม่ทะ,แม่ทะ,18.162,99.563
ลำปาง,สบปราบ,สบปราบ,17.835,99.344
ลำปาง,ห้างฉัตร,ห้างฉัตร,18.337,99.353
ลำปาง,เมืองปาน,เมืองปาน,18.797,99.446
อุตรดิตถ์,เมืองอุตรดิตถ์,ท่าอิฐ,17.613,100.079
อุตรดิตถ์,ตรอน,วังแดง,17.488,100.113
อุตรดิตถ์,ท่าปลา,ท่าปลา,17.845,100.448
อุตรดิตถ์,น้ำปาด,แสนตอ,17.720,100.646
อุตรดิตถ์,ฟากท่า,ฟากท่า,18.068,100.937
อุตรดิตถ์,บ้านโคก,บ้านโคก,18.008,101.084
อุตรดิตถ์,พิชัย,ในเมือง,17.301,100.107
อุตรดิตถ์,ลับแล,ศรีพนมมาศ,17.652,100.039
อุตรดิตถ์,ทองแสนขัน,ผักขวง,17.535,100.415
แพร่,เมืองแพร่,ในเวียง,18.140,100.142
แพร่,ร้องกวาง,ร้องกวาง,18.351,100.336
แพร่,ลอง,ห้วยอ้อ,18.131,99.825
แพร่,สูงเม่น,สูงเม่น,18.059,100.087
แพร่,เด่นชัย,เด่นชัย,17.973,100.040
แพร่,สอง,บ้านหนุน,18.437,100.234
แพร่,วังชิ้น,วังชิ้น,17.861,99.647
แพร่,หนองม่วงไข่,หนองม่วงไข่,18.295,100.208
น่าน,เมืองน่าน,ในเวียง,18.793,100.786
น่าน,แม่จริม,แม่จริม,18.824,101.045
น่าน,บ้านหลวง,บ้านฟ้า,18.782,100.429
น่าน,นาน้อย,นาน้อย,18.313,100.681
น่าน,ปัว,ปัว,19.168,100.903
น่าน,ท่าวังผา,ท่าวังผา,19.128,100.831
น่าน,เวียงสา,กลางเวียง,18.577,100.740
น่าน,ทุ่งช้าง,ทุ่งช้าง,19.390,100.834
น่าน,เชียงกลาง,เชียงกลาง,19.320,100.970
น่าน,นาหมื่น,นาทะนุง,18.117,100.615
น่าน,สันติสุข,ดู่พงษ์,18.898,100.902
น่าน,บ่อเกลือ,บ่อเกลือเหนือ,19.297,101.176
น่าน,สองแคว,นาไร่หลวง,19.339,100.704
น่าน,ภูเพียง,ม่วงตึ๊ด,18.756,100.816
น่าน,เฉลิมพระเกียรติ,ห้วยโก๋น,19.559,101.046
พะเยา,เมืองพะเยา,เวียง,19.172,99.894
พะเยา,จุน,จุน,19.282,100.152
พะเยา,เชียงคำ,หย่วน,19.536,100.293
พะเยา,เชียงม่วน,เชียงม่วน,18.888,100.334
พะเยา,ดอกคำใต้,ดอกคำใต้,19.152,99.955
พะเยา,ปง,ปง,19.102,100.205
พะเยา,แม่ใจ,แม่ใจ,19.330,99.846
พะเยา,ภูซาง,ภูซาง,19.671,100.378
พะเยา,ภูกามยาว,ห้วยแก้ว,19.311,99.999
เชียงราย,เมืองเชียงราย,เวียง,19.907,99.832
เชียงราย,เวียงชัย,เวียงชัย,19.866,99.912
เชียงราย,เชียงของ,เวียง,20.266,100.369
เชียงราย,เทิง,เวียง,19.692,100.213
เชียงราย,พาน,สันมะเค็ด,19.609,99.864
เชียงราย,ป่าแดด,ป่าแดด,19.507,100.015
เชียงราย,แม่จัน,แม่จัน,20.138,99.870
เชียงราย,เชียงแสน,เวียง,20.305,100.081
เชียงราย,แม่สาย,แม่สาย,20.431,99.913
เชียงราย,แม่สรวย,แม่สรวย,19.676,99.560
เชียงราย,เวียงป่าเป้า,สันสลี,19.419,99.514
เชียงราย,พญาเม็งราย,แม่เปา,19.902,100.118
เชียงราย,เวียงแก่น,ม่วงยาย,20.108,100.539
เชียงราย,ขุนตาล,ต้า,19.804,100.233
เชียงราย,แม่ฟ้าหลวง,แม่ฟ้าหลวง,20.288,99.783
เชียงราย,แม่ลาว,ดงมะดะ,19.734,99.670
เชียงราย,เวียงเชียงรุ้ง,ทุ่งก่อ,19.984,100.049
เชียงราย,ดอยหลวง,ปงน้อย,20.104,100.068
แม่ฮ่องสอน,เมืองแม่ฮ่องสอน,จองคำ,19.302,97.970
แม่ฮ่องสอน,ขุนยวม,ขุนยวม,18.992,97.801
แม่ฮ่องสอน,ปาย,เวียงใต้,19.362,98.419
แม่ฮ่องสอน,แม่สะเรียง,แม่สะเรียง,18.148,97.972
แม่ฮ่องสอน,แม่ลาน้อย,แม่ลาน้อย,18.435,97.852
แม่ฮ่องสอน,สบเมย,สบเมย,17.898,97.872
แม่ฮ่องสอน,ปางมะผ้า,ปางมะผ้า,19.615,98.204
นครสวรรค์,เมืองนครสวรรค์,ปากน้ำโพ,15.703,100.128
นครสวรรค์,โกรกพระ,โกรกพระ,15.559,100.056
นครสวรรค์,ชุมแสง,ชุมแสง,15.896,100.315
นครสวรรค์,หนองบัว,หนองบัว,15.850,100.654
นครสวรรค์,บรรพตพิสัย,ท่างิ้ว,15.918,99.976
นครสวรรค์,เก้าเลี้ยว,เก้าเลี้ยว,15.849,100.085
นครสวรรค์,ตาคลี,ตาคลี,15.271,100.339
นครสวรรค์,ท่าตะโก,ท่าตะโก,15.631,100.480
นครสวรรค์,ไพศาลี,ไพศาลี,15.637,100.700
นครสวรรค์,พยุหะคีรี,พยุหะ,15.455,100.145
นครสวรรค์,ลาดยาว,ลาดยาว,15.756,99.759
นครสวรรค์,ตากฟ้า,ตากฟ้า,15.313,100.488
นครสวรรค์,แม่วงก์,แม่วงก์,15.781,99.570
นครสวรรค์,แม่เปิน,แม่เปิน,15.738,99.294
นครสวรรค์,ชุมตาบง,ชุมตาบง,15.627,99.572
อุทัยธานี,เมืองอุทัยธานี,อุทัยใหม่,15.375,100.031
อุทัยธานี,ทัพทัน,ทัพทัน,15.467,99.888
อุทัยธานี,สว่างอารมณ์,สว่างอารมณ์,15.548,99.844
อุทัยธานี,หนองฉาง,หนองฉาง,15.397,99.854
อุทัยธานี,หนองขาหย่าง,หนองขาหย่าง,15.349,99.950
อุทัยธานี,บ้านไร่,บ้านไร่,15.050,99.464
อุทัยธานี,ลานสัก,ลานสัก,15.486,99.544
อุทัยธานี,ห้วยคต,ห้วยคต,15.272,99.568
กำแพงเพชร,เมืองกำแพงเพชร,ในเมือง,16.473,99.528
กำแพงเพชร,ไทรงาม,ไทรงาม,16.487,99.897
กำแพงเพชร,คลองลาน,คลองน้ำไหล,16.157,99.144
กำแพงเพชร,ขาณุวรลักษบุรี,ยางสูง,16.124,99.857
กำแพงเพชร,คลองขลุง,คลองขลุง,16.176,99.698
กำแพงเพชร,พรานกระต่าย,พรานกระต่าย,16.657,99.538
กำแพงเพชร,ลานกระบือ,ลานกระบือ,16.625,99.861
กำแพงเพชร,ทรายทองวัฒนา,ทุ่งทราย,16.305,99.862
กำแพงเพชร,ปางศิลาทอง,โพธิ์ทอง,16.110,99.527
กำแพงเพชร,บึงสามัคคี,บึงสามัคคี,16.285,99.985
กำแพงเพชร,โกสัมพีนคร,โกสัมพี,16.501,99.215
ตาก,เมืองตาก,ระแหง,16.862,99.129
ตาก,บ้านตาก,ตากออก,17.066,99.107
ตาก,สามเงา,สามเงา,17.250,99.034
ตาก,แม่ระมาด,แม่ระมาด,16.971,98.525
ตาก,ท่าสองยาง,ท่าสองยาง,17.724,97.817
ตาก,แม่สอด,แม่สอด,16.716,98.573
ตาก,พบพระ,พบพระ,16.402,98.697
ตาก,อุ้มผาง,อุ้มผาง,16.019,98.955
ตาก,วังเจ้า,เชียงทอง,16.571,99.122
สุโขทัย,เมืองสุโขทัย,ธานี,17.012,99.822
สุโขทัย,บ้านด่านลานหอย,ลานหอย,16.887,99.609
สุโขทัย,คีรีมาศ,โตนด,16.839,99.824
สุโขทัย,กงไกรลาศ,กง,16.893,99.984
สุโขทัย,ศรีสัชนาลัย,ศรีสัชนาลัย,17.409,99.778
สุโขทัย,ศรีสำโรง,คลองตาล,17.158,99.858
สุโขทัย,สวรรคโลก,เมืองสวรรคโลก,17.315,99.834
สุโขทัย,ศรีนคร,ศรีนคร,17.373,99.980
สุโขทัย,ทุ่งเสลี่ยม,ทุ่งเสลี่ยม,17.301,99.548
พิษณุโลก,เมืองพิษณุโลก,ในเมือง,16.815,100.260
พิษณุโลก,นครไทย,นครไทย,17.126,100.839
พิษณุโลก,ชาติตระการ,ชาติตระการ,17.320,100.704
พิษณุโลก,บางระกำ,บางระกำ,16.738,100.145
พิษณุโลก,บางกระทุ่ม,บางกระทุ่ม,16.591,100.297
พิษณุโลก,พรหมพิราม,พรหมพิราม,17.004,100.135
พิษณุโลก,วัดโบสถ์,วัดโบสถ์,17.021,100.306
พิษณุโลก,วังทอง,วังทอง,16.822,100.403
พิษณุโลก,เนินมะปราง,เนินมะปราง,16.595,100.626
พิจิตร,เมืองพิจิตร,ในเมือง,16.443,100.343
พิจิตร,วังทรายพูน,วังทรายพูน,16.383,100.605
พิจิตร,โพธิ์ประทับช้าง,โพธิ์ประทับช้าง,16.323,100.300
พิจิตร,ตะพานหิน,ตะพานหิน,16.222,100.427
พิจิตร,บางมูลนาก,บางมูลนาก,null,null
พิจิตร,โพทะเล,โพทะเล,16.103,100.236
พิจิตร,สามง่าม,สามง่าม,16.498,100.213
พิจิตร,ทับคล้อ,ทับคล้อ,16.189,100.568
พิจิตร,สากเหล็ก,สากเหล็ก,16.486,100.461
พิจิตร,บึงนาราง,บึงนาราง,16.205,100.163
พิจิตร,ดงเจริญ,วังงิ้วใต้,16.028,100.648
พิจิตร,วชิรบารมี,บ้านนา,16.495,100.128
เพชรบูรณ์,เมืองเพชรบูรณ์,ในเมือง,16.420,101.156
เพชรบูรณ์,ชนแดน,ชนแดน,16.158,100.895
เพชรบูรณ์,หล่มสัก,หล่มสัก,null,null
เพชรบูรณ์,หล่มเก่า,หล่มเก่า,16.893,101.242
เพชรบูรณ์,วิเชียรบุรี,ท่าโรง,15.660,101.141
เพชรบูรณ์,ศรีเทพ,ศรีเทพ,15.439,101.140
เพชรบูรณ์,หนองไผ่,หนองไผ่,16.004,101.037
เพชรบูรณ์,บึงสามพัน,บึงสามพัน,15.791,101.022
เพชรบูรณ์,น้ำหนาว,น้ำหนาว,16.764,101.681
เพชรบูรณ์,วังโป่ง,วังโป่ง,16.347,100.809
เพชรบูรณ์,เขาค้อ,เขาค้อ,16.631,100.999
ราชบุรี,เมืองราชบุรี,หน้าเมือง,13.535,99.820
ราชบุรี,จอมบึง,จอมบึง,13.622,99.606
ราชบุรี,สวนผึ้ง,สวนผึ้ง,13.612,99.249
ราชบุรี,ดำเนินสะดวก,ดำเนินสะดวก,13.517,99.949
ราชบุรี,บ้านโป่ง,บ้านโป่ง,13.816,99.873
ราชบุรี,บางแพ,บางแพ,13.691,99.951
ราชบุรี,โพธาราม,โพธาราม,13.695,99.853
ราชบุรี,ปากท่อ,ปากท่อ,13.382,99.841
ราชบุรี,วัดเพลง,วัดเพลง,13.449,99.872
ราชบุรี,บ้านคา,บ้านคา,13.418,99.386
กาญจนบุรี,เมืองกาญจนบุรี,บ้านเหนือ,null,null
กาญจนบุรี,ไทรโยค,ไทรโยค,14.421,98.741
กาญจนบุรี,บ่อพลอย,บ่อพลอย,14.305,99.466
กาญจนบุรี,ศรีสวัสดิ์,นาสวน,14.895,99.029
กาญจนบุรี,ท่ามะกา,ท่ามะกา,13.930,99.779
กาญจนบุรี,ท่าม่วง,ท่าม่วง,13.974,99.625
กาญจนบุรี,ทองผาภูมิ,ท่าขนุน,14.762,98.641
กาญจนบุรี,สังขละบุรี,หนองลู,15.112,98.341
กาญจนบุรี,พนมทวน,พนมทวน,14.129,99.705
กาญจนบุรี,เลาขวัญ,เลาขวัญ,14.580,99.753
กาญจนบุรี,ด่านมะขามเตี้ย,ด่านมะขามเตี้ย,13.836,99.388
กาญจนบุรี,หนองปรือ,หนองปรือ,14.630,99.454
กาญจนบุรี,ห้วยกระเจา,ห้วยกระเจา,14.312,99.618
สุพรรณบุรี,เมืองสุพรรณบุรี,ท่าพี่เลี้ยง,14.471,100.116
สุพรรณบุรี,เดิมบางนางบวช,เขาพระ,14.853,100.095
สุพรรณบุรี,ด่านช้าง,ด่านช้าง,14.744,99.527
สุพรรณบุรี,บางปลาม้า,บางปลาม้า,14.402,100.102
สุพรรณบุรี,ศรีประจันต์,ศรีประจันต์,14.609,100.179
สุพรรณบุรี,ดอนเจดีย์,ดอนเจดีย์,14.633,99.959
สุพรรณบุรี,สองพี่น้อง,สองพี่น้อง,14.225,100.023
สุพรรณบุรี,สามชุก,สามชุก,14.763,100.095
สุพรรณบุรี,อู่ทอง,อู่ทอง,14.377,99.880
สุพรรณบุรี,หนองหญ้าไซ,หนองหญ้าไซ,14.776,99.885
นครปฐม,เมืองนครปฐม,พระปฐมเจดีย์,13.819,100.050
นครปฐม,กำแพงแสน,กำแพงแสน,14.024,99.981
นครปฐม,นครชัยศรี,นครชัยศรี,13.787,100.192
นครปฐม,ดอนตูม,สามง่าม,13.978,100.083
นครปฐม,บางเลน,บางเลน,14.014,100.151
นครปฐม,สามพราน,สามพราน,13.716,100.219
นครปฐม,พุทธมณฑล,ศาลายา,13.813,100.305
สมุทรสาคร,เมืองสมุทรสาคร,มหาชัย,13.552,100.280
สมุทรสาคร,กระทุ่มแบน,ตลาดกระทุ่มแบน,13.654,100.250
สมุทรสาคร,บ้านแพ้ว,บ้านแพ้ว,13.618,100.104
สมุทรสงคราม,เมืองสมุทรสงคราม,แม่กลอง,13.400,99.994
สมุทรสงคราม,บางคนที,บางคนที,13.493,99.945
สมุทรสงคราม,อัมพวา,อัมพวา,13.427,99.954
เพชรบุรี,เมืองเพชรบุรี,ท่าราบ,13.097,99.949
เพชรบุรี,เขาย้อย,เขาย้อย,13.233,99.819
เพชรบุรี,หนองหญ้าปล้อง,หนองหญ้าปล้อง,13.201,99.709
เพชรบุรี,ชะอำ,ชะอำ,12.719,99.939
เพชรบุรี,ท่ายาง,ท่ายาง,12.954,99.904
เพชรบุรี,บ้านลาด,บ้านลาด,13.063,99.928
เพชรบุรี,บ้านแหลม,บ้านแหลม,13.206,99.980
เพชรบุรี,แก่งกระจาน,แก่งกระจาน,12.979,99.609
ประจวบคีรีขันธ์,เมืองประจวบคีรีขันธ์,ประจวบคีรีขันธ์,11.805,99.784
ประจวบคีรีขันธ์,กุยบุรี,กุยบุรี,12.052,99.763
ประจวบคีรีขันธ์,ทับสะแก,ทับสะแก,11.516,99.627
ประจวบคีรีขันธ์,บางสะพาน,กำเนิดนพคุณ,11.248,99.516
ประจวบคีรีขันธ์,บางสะพานน้อย,ปากแพรก,11.063,99.436
ประจวบคีรีขันธ์,ปราณบุรี,ปราณบุรี,12.354,99.932
ประจวบคีรีขันธ์,หัวหิน,หัวหิน,12.592,99.940
ประจวบคีรีขันธ์,สามร้อยยอด,สามร้อยยอด,12.266,99.946
นครศรีธรรมราช,เมืองนครศรีธรรมราช,ในเมือง,8.408,99.972
นครศรีธรรมราช,พรหมคีรี,พรหมโลก,8.500,99.793
นครศรีธรรมราช,ลานสกา,ลานสกา,8.305,99.771
นครศรีธรรมราช,ฉวาง,ฉวาง,8.397,99.501
นครศรีธรรมราช,พิปูน,พิปูน,8.555,99.653
นครศรีธรรมราช,เชียรใหญ่,เชียรใหญ่,8.202,100.116
นครศรีธรรมราช,ชะอวด,ชะอวด,7.996,100.020
นครศรีธรรมราช,ท่าศาลา,ท่าศาลา,8.669,99.926
นครศรีธรรมราช,ทุ่งสง,ปากแพรก,null,null
นครศรีธรรมราช,นาบอน,นาบอน,8.243,99.600
นครศรีธรรมราช,ทุ่งใหญ่,ทุ่งใหญ่,8.366,99.429
นครศรีธรรมราช,ปากพนัง,ปากพนัง,null,null
นครศรีธรรมราช,ร่อนพิบูลย์,ร่อนพิบูลย์,8.189,99.832
นครศรีธรรมราช,สิชล,สิชล,9.008,99.902
นครศรีธรรมราช,ขนอม,ขนอม,9.166,99.838
นครศรีธรรมราช,หัวไทร,หัวไทร,8.037,100.286
นครศรีธรรมราช,บางขัน,บางขัน,8.069,99.422
นครศรีธรรมราช,ถ้ำพรรณรา,ถ้ำพรรณรา,8.414,99.373
นครศรีธรรมราช,จุฬาภรณ์,บ้านควนมุด,8.028,99.924
นครศรีธรรมราช,พระพรหม,นาพรุ,8.331,99.907
นครศรีธรรมราช,นบพิตำ,นบพิตำ,8.744,99.772
นครศรีธรรมราช,ช้างกลาง,ช้างกลาง,8.336,99.638
นครศรีธรรมราช,เฉลิมพระเกียรติ,เชียรเขา,8.184,100.078
กระบี่,เมืองกระบี่,ปากน้ำ,8.090,98.905
กระบี่,เขาพนม,เขาพนม,8.227,99.045
กระบี่,เกาะลันตา,เกาะลันตาใหญ่,7.496,99.120
กระบี่,คลองท่อม,คลองท่อมใต้,7.933,99.172
กระบี่,อ่าวลึก,อ่าวลึกใต้,8.386,98.707
กระบี่,ปลายพระยา,ปลายพระยา,8.564,98.879
กระบี่,ลำทับ,ลำทับ,7.960,99.348
กระบี่,เหนือคลอง,เหนือคลอง,8.086,98.990
พังงา,เมืองพังงา,ท้ายช้าง,8.446,98.524
พังงา,เกาะยาว,เกาะยาวน้อย,8.131,98.610
พังงา,กะปง,กะปง,8.648,98.468
พังงา,ตะกั่วทุ่ง,ถ้ำ,8.409,98.412
พังงา,ตะกั่วป่า,ตะกั่วป่า,8.829,98.362
พังงา,คุระบุรี,คุระ,9.262,98.414
พังงา,ทับปุด,ทับปุด,8.517,98.632
พังงา,ท้ายเหมือง,ท้ายเหมือง,8.442,98.275
ภูเก็ต,เมืองภูเก็ต,ตลาดใหญ่,7.888,98.394
ภูเก็ต,กะทู้,กะทู้,7.914,98.338
ภูเก็ต,ถลาง,เทพกระษัตรี,8.116,98.425
สุราษฎร์ธานี,เมืองสุราษฎร์ธานี,ตลาด,9.137,99.320
สุราษฎร์ธานี,กาญจนดิษฐ์,ท่าทองใหม่,9.174,99.396
สุราษฎร์ธานี,ดอนสัก,ดอนสัก,9.310,99.660
สุราษฎร์ธานี,เกาะสมุย,อ่างทอง,9.708,99.675
สุราษฎร์ธานี,เกาะพะงัน,เกาะพะงัน,9.802,99.979
สุราษฎร์ธานี,ไชยา,ตลาดไชยา,9.391,99.198
สุราษฎร์ธานี,ท่าชนะ,ท่าชนะ,9.593,99.183
สุราษฎร์ธานี,คีรีรัฐนิคม,ท่าขนอน,9.075,98.874
สุราษฎร์ธานี,บ้านตาขุน,เขาวง,8.923,98.929
สุราษฎร์ธานี,พนม,พนม,8.828,98.781
สุราษฎร์ธานี,ท่าฉาง,ท่าฉาง,9.258,99.175
สุราษฎร์ธานี,บ้านนาสาร,นาสาร,8.812,99.359
สุราษฎร์ธานี,บ้านนาเดิม,บ้านนา,8.856,99.293
สุราษฎร์ธานี,เคียนซา,เคียนซา,8.817,99.180
สุราษฎร์ธานี,เวียงสระ,เวียงสระ,8.649,99.342
สุราษฎร์ธานี,พระแสง,อิปัน,8.584,99.224
สุราษฎร์ธานี,พุนพิน,พุนพิน,9.125,99.199
สุราษฎร์ธานี,ชัยบุรี,ชัยบุรี,8.434,99.071
สุราษฎร์ธานี,วิภาวดี,ตะกุกใต้,9.227,98.807
ระนอง,เมืองระนอง,เขานิเวศน์,9.960,98.621
ระนอง,ละอุ่น,ละอุ่นใต้,10.124,98.769
ระนอง,กะเปอร์,กะเปอร์,9.623,98.621
ระนอง,กระบุรี,น้ำจืด,10.394,98.842
ระนอง,สุขสำราญ,นาคา,9.514,98.360
ชุมพร,เมืองชุมพร,ท่าตะเภา,10.498,99.179
ชุมพร,ท่าแซะ,ท่าแซะ,10.663,99.166
ชุมพร,ปะทิว,บางสน,10.658,99.264
ชุมพร,หลังสวน,หลังสวน,9.950,99.090
ชุมพร,ละแม,ละแม,9.752,98.945
ชุมพร,พะโต๊ะ,พะโต๊ะ,9.816,98.800
ชุมพร,สวี,สวี,10.247,99.081
ชุมพร,ทุ่งตะโก,ปากตะโก,10.165,99.176
สงขลา,เมืองสงขลา,บ่อยาง,7.198,100.596
สงขลา,สทิงพระ,จะทิ้งพระ,7.469,100.437
สงขลา,จะนะ,บ้านนา,6.901,100.742
สงขลา,นาทวี,นาทวี,6.693,100.777
สงขลา,เทพา,เทพา,6.820,100.940
สงขลา,สะบ้าย้อย,สะบ้าย้อย,6.632,100.929
สงขลา,ระโนด,ระโนด,7.754,100.325
สงขลา,กระแสสินธุ์,กระแสสินธุ์,7.609,100.307
สงขลา,รัตภูมิ,กำแพงเพชร,7.087,100.287
สงขลา,สะเดา,สะเดา,6.636,100.416
สงขลา,หาดใหญ่,หาดใหญ่,7.010,100.474
สงขลา,นาหม่อม,นาหม่อม,6.965,100.529
สงขลา,ควนเนียง,รัตภูมิ,7.182,100.370
สงขลา,บางกล่ำ,บางกล่ำ,7.135,100.446
สงขลา,สิงหนคร,ชิงโค,7.266,100.524
สงขลา,คลองหอยโข่ง,คลองหอยโข่ง,6.830,100.313
สตูล,เมืองสตูล,พิมาน,6.615,100.071
สตูล,ควนโดน,ควนโดน,6.814,100.060
สตูล,ควนกาหลง,ควนกาหลง,6.953,100.030
สตูล,ท่าแพ,ท่าแพ,6.791,99.964
สตูล,ละงู,ละงู,6.842,99.826
สตูล,ทุ่งหว้า,ทุ่งหว้า,7.108,99.807
สตูล,มะนัง,ปาล์มพัฒนา,7.038,99.934
ตรัง,เมืองตรัง,ทับเที่ยง,7.559,99.616
ตรัง,กันตัง,กันตัง,7.410,99.519
ตรัง,ย่านตาขาว,ย่านตาขาว,7.406,99.674
ตรัง,ปะเหลียน,ปะเหลียน,7.288,99.862
ตรัง,สิเกา,บ่อหิน,7.549,99.283
ตรัง,ห้วยยอด,ห้วยยอด,7.776,99.632
ตรัง,วังวิเศษ,เขาวิเศษ,7.651,99.459
ตรัง,นาโยง,นาโยงเหนือ,7.566,99.699
ตรัง,รัษฎา,ควนเมา,7.938,99.596
ตรัง,หาดสำราญ,หาดสำราญ,7.256,99.552
พัทลุง,เมืองพัทลุง,คูหาสวรรค์,7.625,100.085
พัทลุง,กงหรา,กงหรา,7.463,99.877
พัทลุง,เขาชัยสน,เขาชัยสน,7.433,100.111
พัทลุง,ตะโหมด,ตะโหมด,7.278,100.007
พัทลุง,ควนขนุน,ควนขนุน,7.756,100.003
พัทลุง,ปากพะยูน,ปากพะยูน,7.330,100.336
พัทลุง,ศรีบรรพต,เขาย่า,7.746,99.864
พัทลุง,ป่าบอน,ป่าบอน,7.337,100.171
พัทลุง,บางแก้ว,ท่ามะเดื่อ,7.451,100.157
พัทลุง,ป่าพะยอม,ป่าพะยอม,7.860,99.947
พัทลุง,ศรีนครินทร์,ชุมพล,7.608,99.948
ปัตตานี,เมืองปัตตานี,สะบารัง,6.876,101.251
ปัตตานี,โคกโพธิ์,โคกโพธิ์,6.732,101.061
ปัตตานี,หนองจิก,เกาะเปาะ,6.815,101.201
ปัตตานี,ปะนาเระ,ปะนาเระ,6.860,101.484
ปัตตานี,มายอ,มายอ,6.710,101.425
ปัตตานี,ทุ่งยางแดง,ตะโละแมะนา,6.604,101.401
ปัตตานี,สายบุรี,ตะลุบัน,null,null
ปัตตานี,ไม้แก่น,ไม้แก่น,6.647,101.669
ปัตตานี,ยะหริ่ง,ตะโละ,6.782,101.353
ปัตตานี,ยะรัง,ยะรัง,6.769,101.299
ปัตตานี,กะพ้อ,กะรุบี,6.570,101.556
ปัตตานี,แม่ลาน,แม่ลาน,6.647,101.231
ยะลา,เมืองยะลา,สะเตง,6.547,101.280
ยะลา,เบตง,เบตง,5.803,101.009
ยะลา,บันนังสตา,บันนังสตา,6.250,101.233
ยะลา,ธารโต,ธารโต,6.167,101.187
ยะลา,ยะหา,ยะหา,6.504,101.125
ยะลา,รามัน,กายูบอเกาะ,6.476,101.413
ยะลา,กาบัง,กาบัง,6.449,101.000
ยะลา,กรงปินัง,กรงปินัง,null,null
นราธิวาส,เมืองนราธิวาส,บางนาค,6.424,101.820
นราธิวาส,ตากใบ,เจ๊ะเห,6.257,102.051
นราธิวาส,บาเจาะ,บาเจาะ,6.514,101.636
นราธิวาส,ยี่งอ,ยี่งอ,6.382,101.703
นราธิวาส,ระแงะ,ตันหยงมัส,6.311,101.724
นราธิวาส,รือเสาะ,รือเสาะ,6.369,101.508
นราธิวาส,ศรีสาคร,ศรีสาคร,6.152,101.492
นราธิวาส,แว้ง,แว้ง,5.936,101.835
นราธิวาส,สุคิริน,สุคิริน,5.951,101.697
นราธิวาส,สุไหงโกลก,สุไหงโก-ลก,6.008,101.949
นราธิวาส,สุไหงปาดี,สุไหงปาดี,6.161,101.931
นราธิวาส,จะแนะ,จะแนะ,6.077,101.693
นราธิวาส,เจาะไอร้อง,จวบ,6.256,101.817
